FILENAME,LABEL
017_001_001,Call
017_001_002,Call
017_001_003,Call
017_001_004,Call
017_001_005,Call
017_002_001,Call
017_002_002,Call
017_002_003,Call
017_002_004,Call
017_002_005,Call
017_003_001,Call
017_003_002,Call
017_003_003,Call
017_003_004,Call
017_003_005,Call
017_004_001,Call
017_004_002,Call
017_004_003,Call
017_004_004,Call
017_004_005,Call
017_005_001,Call
017_005_002,Call
017_005_003,Call
017_005_004,Call
017_005_005,Call
017_006_001,Call
017_006_002,Call
017_006_003,Call
017_006_004,Call
017_006_005,Call
017_007_001,Call
017_007_002,Call
017_007_003,Call
017_007_004,Call
017_007_005,Call
017_008_001,Call
017_008_002,Call
017_008_003,Call
017_008_004,Call
017_008_005,Call
017_009_001,Call
017_009_002,Call
017_009_003,Call
017_009_004,Call
017_009_005,Call
017_010_001,Call
017_010_002,Call
017_010_003,Call
017_010_004,Call
017_010_005,Call
027_001_001,Last_name
027_001_002,Last_name
027_001_003,Last_name
027_001_004,Last_name
027_001_005,Last_name
027_002_001,Last_name
027_002_002,Last_name
027_002_003,Last_name
027_002_004,Last_name
027_002_005,Last_name
027_003_001,Last_name
027_003_002,Last_name
027_003_003,Last_name
027_003_004,Last_name
027_003_005,Last_name
027_004_001,Last_name
027_004_002,Last_name
027_004_003,Last_name
027_004_004,Last_name
027_004_005,Last_name
027_005_001,Last_name
027_005_002,Last_name
027_005_003,Last_name
027_005_004,Last_name
027_005_005,Last_name
027_006_001,Last_name
027_006_002,Last_name
027_006_003,Last_name
027_006_004,Last_name
027_006_005,Last_name
027_007_001,Last_name
027_007_002,Last_name
027_007_003,Last_name
027_007_004,Last_name
027_007_005,Last_name
027_008_001,Last_name
027_008_002,Last_name
027_008_003,Last_name
027_008_004,Last_name
027_008_005,Last_name
027_009_001,Last_name
027_009_002,Last_name
027_009_003,Last_name
027_009_004,Last_name
027_009_005,Last_name
027_010_001,Last_name
027_010_002,Last_name
027_010_003,Last_name
027_010_004,Last_name
027_010_005,Last_name
038_001_001,None
038_001_002,None
038_001_003,None
038_001_004,None
038_001_005,None
038_002_001,None
038_002_002,None
038_002_003,None
038_002_004,None
038_002_005,None
038_003_001,None
038_003_002,None
038_003_003,None
038_003_004,None
038_003_005,None
038_004_001,None
038_004_002,None
038_004_003,None
038_004_004,None
038_004_005,None
038_005_001,None
038_005_002,None
038_005_003,None
038_005_004,None
038_005_005,None
038_006_001,None
038_006_002,None
038_006_003,None
038_006_004,None
038_006_005,None
038_007_001,None
038_007_002,None
038_007_003,None
038_007_004,None
038_007_005,None
038_008_001,None
038_008_002,None
038_008_003,None
038_008_004,None
038_008_005,None
038_009_001,None
038_009_002,None
038_009_003,None
038_009_004,None
038_009_005,None
038_010_001,None
038_010_002,None
038_010_003,None
038_010_004,None
038_010_005,None
039_001_001,Name
039_001_002,Name
039_001_003,Name
039_001_004,Name
039_001_005,Name
039_002_001,Name
039_002_002,Name
039_002_003,Name
039_002_004,Name
039_002_005,Name
039_003_001,Name
039_003_002,Name
039_003_003,Name
039_003_004,Name
039_003_005,Name
039_004_001,Name
039_004_002,Name
039_004_003,Name
039_004_004,Name
039_004_005,Name
039_005_001,Name
039_005_002,Name
039_005_003,Name
039_005_004,Name
039_005_005,Name
039_006_001,Name
039_006_002,Name
039_006_003,Name
039_006_004,Name
039_006_005,Name
039_007_001,Name
039_007_002,Name
039_007_003,Name
039_007_004,Name
039_007_005,Name
039_008_001,Name
039_008_002,Name
039_008_003,Name
039_008_004,Name
039_008_005,Name
039_009_001,Name
039_009_002,Name
039_009_003,Name
039_009_004,Name
039_009_005,Name
039_010_001,Name
039_010_002,Name
039_010_003,Name
039_010_004,Name
039_010_005,Name
040_001_001,Patience
040_001_002,Patience
040_001_003,Patience
040_001_004,Patience
040_001_005,Patience
040_002_001,Patience
040_002_002,Patience
040_002_003,Patience
040_002_004,Patience
040_002_005,Patience
040_003_001,Patience
040_003_002,Patience
040_003_003,Patience
040_003_004,Patience
040_003_005,Patience
040_004_001,Patience
040_004_002,Patience
040_004_003,Patience
040_004_004,Patience
040_004_005,Patience
040_005_001,Patience
040_005_002,Patience
040_005_003,Patience
040_005_004,Patience
040_005_005,Patience
040_006_001,Patience
040_006_002,Patience
040_006_003,Patience
040_006_004,Patience
040_006_005,Patience
040_007_001,Patience
040_007_002,Patience
040_007_003,Patience
040_007_004,Patience
040_007_005,Patience
040_008_001,Patience
040_008_002,Patience
040_008_003,Patience
040_008_004,Patience
040_008_005,Patience
040_009_001,Patience
040_009_002,Patience
040_009_003,Patience
040_009_004,Patience
040_009_005,Patience
040_010_001,Patience
040_010_002,Patience
040_010_003,Patience
040_010_004,Patience
040_010_005,Patience
050_001_001,Accept
050_001_002,Accept
050_001_003,Accept
050_001_004,Accept
050_001_005,Accept
050_002_001,Accept
050_002_002,Accept
050_002_003,Accept
050_002_004,Accept
050_002_005,Accept
050_003_001,Accept
050_003_002,Accept
050_003_003,Accept
050_003_004,Accept
050_003_005,Accept
050_004_001,Accept
050_004_002,Accept
050_004_003,Accept
050_004_004,Accept
050_004_005,Accept
050_005_001,Accept
050_005_002,Accept
050_005_003,Accept
050_005_004,Accept
050_005_005,Accept
050_006_001,Accept
050_006_002,Accept
050_006_003,Accept
050_006_004,Accept
050_006_005,Accept
050_007_001,Accept
050_007_002,Accept
050_007_003,Accept
050_007_004,Accept
050_007_005,Accept
050_008_001,Accept
050_008_002,Accept
050_008_003,Accept
050_008_004,Accept
050_008_005,Accept
050_009_001,Accept
050_009_002,Accept
050_009_003,Accept
050_009_004,Accept
050_009_005,Accept
050_010_001,Accept
050_010_002,Accept
050_010_003,Accept
050_010_004,Accept
050_010_005,Accept
051_001_001,Thanks
051_001_002,Thanks
051_001_003,Thanks
051_001_004,Thanks
051_001_005,Thanks
051_002_001,Thanks
051_002_002,Thanks
051_002_003,Thanks
051_002_004,Thanks
051_002_005,Thanks
051_003_001,Thanks
051_003_002,Thanks
051_003_003,Thanks
051_003_004,Thanks
051_003_005,Thanks
051_004_001,Thanks
051_004_002,Thanks
051_004_003,Thanks
051_004_004,Thanks
051_004_005,Thanks
051_005_001,Thanks
051_005_002,Thanks
051_005_003,Thanks
051_005_004,Thanks
051_005_005,Thanks
051_006_001,Thanks
051_006_002,Thanks
051_006_003,Thanks
051_006_004,Thanks
051_006_005,Thanks
051_007_001,Thanks
051_007_002,Thanks
051_007_003,Thanks
051_007_004,Thanks
051_007_005,Thanks
051_008_001,Thanks
051_008_002,Thanks
051_008_003,Thanks
051_008_004,Thanks
051_008_005,Thanks
051_009_001,Thanks
051_009_002,Thanks
051_009_003,Thanks
051_009_004,Thanks
051_009_005,Thanks
051_010_001,Thanks
051_010_002,Thanks
051_010_003,Thanks
051_010_004,Thanks
051_010_005,Thanks
053_001_001,Appear
053_001_002,Appear
053_001_003,Appear
053_001_004,Appear
053_001_005,Appear
053_002_001,Appear
053_002_002,Appear
053_002_003,Appear
053_002_004,Appear
053_002_005,Appear
053_003_001,Appear
053_003_002,Appear
053_003_003,Appear
053_003_004,Appear
053_003_005,Appear
053_004_001,Appear
053_004_002,Appear
053_004_003,Appear
053_004_004,Appear
053_004_005,Appear
053_005_001,Appear
053_005_002,Appear
053_005_003,Appear
053_005_004,Appear
053_005_005,Appear
053_006_001,Appear
053_006_002,Appear
053_006_003,Appear
053_006_004,Appear
053_006_005,Appear
053_007_001,Appear
053_007_002,Appear
053_007_003,Appear
053_007_004,Appear
053_007_005,Appear
053_008_001,Appear
053_008_002,Appear
053_008_003,Appear
053_008_004,Appear
053_008_005,Appear
053_009_001,Appear
053_009_002,Appear
053_009_003,Appear
053_009_004,Appear
053_009_005,Appear
053_010_001,Appear
053_010_002,Appear
053_010_003,Appear
053_010_004,Appear
053_010_005,Appear
056_001_001,Help
056_001_002,Help
056_001_003,Help
056_001_004,Help
056_001_005,Help
056_002_001,Help
056_002_002,Help
056_002_003,Help
056_002_004,Help
056_002_005,Help
056_003_001,Help
056_003_002,Help
056_003_003,Help
056_003_004,Help
056_003_005,Help
056_004_001,Help
056_004_002,Help
056_004_003,Help
056_004_004,Help
056_004_005,Help
056_005_001,Help
056_005_002,Help
056_005_003,Help
056_005_004,Help
056_005_005,Help
056_006_001,Help
056_006_002,Help
056_006_003,Help
056_006_004,Help
056_006_005,Help
056_007_001,Help
056_007_002,Help
056_007_003,Help
056_007_004,Help
056_007_005,Help
056_008_001,Help
056_008_002,Help
056_008_003,Help
056_008_004,Help
056_008_005,Help
056_009_001,Help
056_009_002,Help
056_009_003,Help
056_009_004,Help
056_009_005,Help
056_010_001,Help
056_010_002,Help
056_010_003,Help
056_010_004,Help
056_010_005,Help
063_001_001,Give
063_001_002,Give
063_001_003,Give
063_001_004,Give
063_001_005,Give
063_002_001,Give
063_002_002,Give
063_002_003,Give
063_002_004,Give
063_002_005,Give
063_003_001,Give
063_003_002,Give
063_003_003,Give
063_003_004,Give
063_003_005,Give
063_004_001,Give
063_004_002,Give
063_004_003,Give
063_004_004,Give
063_004_005,Give
063_005_001,Give
063_005_002,Give
063_005_003,Give
063_005_004,Give
063_005_005,Give
063_006_001,Give
063_006_002,Give
063_006_003,Give
063_006_004,Give
063_006_005,Give
063_007_001,Give
063_007_002,Give
063_007_003,Give
063_007_004,Give
063_007_005,Give
063_008_001,Give
063_008_002,Give
063_008_003,Give
063_008_004,Give
063_008_005,Give
063_009_001,Give
063_009_002,Give
063_009_003,Give
063_009_004,Give
063_009_005,Give
063_010_001,Give
063_010_002,Give
063_010_003,Give
063_010_004,Give
063_010_005,Give
